,Variable Name,Variable Description,Response Codes,Response Labels,Electricity,Natural Gas,Propane,Fuel Oil,Kerosene
1,REGIONC,Census Region,"['1', '2', '3', '4']","['Northeast Census Region', 'Midwest Census Region', 'South Census Region', 'West Census Region']",,,,,
2,DIVISION,Census Division,"['1', '2', '3', '4', '5', '6', '7', '8', '9', '10']","['New England Census Division (CT, MA, ME, NH, RI, VT)', 'Middle Atlantic Census Division (NJ, NY, PA)', 'East North Central Census Division (IL, IN, MI, OH, WI)', 'West North Central Census Division (IA, KS, MN, MO, ND, NE, SD)', 'South Atlantic  Census Division (DC, DE, FL, GA, MD, NC, SC, VA, WV)', 'East South Central Census Division (AL, KY, MS, TN)', 'West South Central Census Division (AR, LA, OK, TX)', 'Mountain North Sub-Division (CO, ID, MT, UT, WY)', 'Mountain South Sub-Division (AZ, NM, NV)', 'Pacific Census Division (AK, CA, HI, OR, WA)']",,,,,
3,REPORTABLE_DOMAIN,Reportable states and groups of states,"['1', '2', '3', '4', '5', '6', '7', '8', '9', '10', '11', '12', '13', '14', '15', '16', '17', '18', '19', '20', '21', '22', '23', '24', '25', '26', '27']","['', 'Connecticut, Maine, New Hampshire, Rhode Island, Vermont', 'Massachusetts', 'New York', 'New Jersey', 'Pennsylvania', 'Illinois', 'Indiana, Ohio', 'Michigan', 'Wisconsin', 'Iowa, Minnesota, North Dakota, South Dakota', 'Kansas, Nebraska', 'Missouri', 'Virginia', 'Delaware, District of Columbia, Maryland, West Virginia', 'Georgia', 'North Carolina, South Carolina', 'Florida', 'Alabama, Kentucky, Mississippi', 'Tennessee', 'Arkansas, Louisiana, Oklahoma', 'Texas', 'Colorado', 'Idaho, Montana, Utah, Wyoming', 'Arizona', 'Nevada, New Mexico', 'California', 'Alaska, Hawaii, Oregon, Washington']",,,,,
4,TYPEHUQ,Type of housing unit,"['1', '2', '3', '4', '5']","['Mobile Home', 'Single-Family Detached', 'Single-Family Attached', 'Apartment in Building with 2 - 4 Units', 'Apartment in Building with 5+ Units']",OTH_B,SPH_A,,,
6,HDD65,"Heating degree days in 2009, base temperature 65F",,"['Heating degree days in 2009, base temperature 65F']","SPH_B, WTH_A",SPH_B,"SPH_B, OTH_B","SPH_B, OTH_B","SPH_B, OTH_B"
7,CDD65,"Cooling degree days in 2009, base temperature 65F",,"['Cooling degree days in 2009, base temperature 65F']",COL_B,,,,
8,HDD30YR,"Heating degree days, 30-year average 1981-2010, base 65F",,"['Heating degree days, 30-year average 1981-2010, base 65F']",,,,,
9,CDD30YR,"Cooling degree days, 30-year average 1981-2010, base 65F",,"['Cooling degree days, 30-year average 1981-2010, base 65F']",,,,,
10,Climate_Region_Pub,Building America Climate Region (collapsed for public file),"['1', '2', '3', '4', '5']","['Very Cold/Cold', 'Hot-Dry/Mixed-Dry', 'Hot-Humid', 'Mixed-Humid', 'Marine']",,,,,
11,AIA_Zone,"AIA Climate Zone, based on average temperatures from 1981 - 2010","['1', '2', '3', '4', '5']","['Less than 2,000 CDD and greater than 7,000 HDD', 'Less than 2,000 CDD and 5,500 - 7,000 HDD', 'Less than 2,000 CDD and 4,000 - 5,499 HDD', 'Less than 2,000 CDD and less than 4,000 HDD', '2,000 CDD or more and less than 4,000 HDD']",SPH_A,SPH_A,,,
12,METROMICRO,Housing unit in Census Metropolitan Statistical Area or Micropolitan Statistical Area,"['METRO', 'MICRO', 'NONE']","['Housing unit in Census Metropolitan Statistical Area', 'Housing unit in Census Micropolitan Statistical Area', 'Housing unit in neither']",,,,,
13,UR,Housing unit classified as urban or rural by Census,"['U', 'R']","['Urban', 'Rural']",,,,,
14,KOWNRENT,"Housing unit is owned, rented, or occupied without payment of rent","['1', '2', '3']","['Owned by someone in the household', 'Rented', 'Occupied without payment of rent']",,,,,
15,CONDCOOP,Housing unit part of condominium or cooperative,"['1', '2', '-2']","['Condominium', 'Cooperative', 'Not Applicable']",,,,,
16,YEARMADE,Year housing unit was built,['1600 - 2009'],['Year housing unit was built'],,,,,
17,YEARMADERANGE,Year range when housing unit was built,"['1', '2', '3', '4', '5', '6', '7', '8']","['Before 1950', '1950 to 1959', '1960 to 1969', '1970 to 1979', '1980 to 1989', '1990 to 1999', '2000 to 2004', '2005 to 2009']",,SPH_A,SPH_A,SPH_A,
18,OCCUPYYRANGE,Year range when household moved in,"['1', '2', '3', '4', '5', '6', '7', '8']","['Before 1950', '1950 to 1959', '1960 to 1969', '1970 to 1979', '1980 to 1989', '1990 to 1999', '2000 to 2004', '2005 to 2009']",,,,,
19,CONVERSION,Converted 2-4 unit apartment building,"['1', '2', '-2']","['Built as an apartment building', 'Converted into an apartment building', 'Not Applicable']",,,,,
20,ORIG1FAM,Converted 2-4 unit apartment building was originally a single-family house,"['0', '1', '-2']","['No', 'Yes', 'Not Applicable']",,,,,
21,LOOKLIKE,Converted 2-4 unit apartment building more like single family house or apartment building,"['1', '2', '-2']","['More like a single-family house', 'More like an apartment building', 'Not Applicable']",,,,,
22,NUMFLRS,Number of floors in a 5+ unit apartment building,"['1 - 99', '-2']","['Number of floors', 'Not Applicable']",,,,,
23,NUMAPTS,Number of apartment units in a 5+ unit apartment building,"['5 - 995', '-2']","['Number of apartment units', 'Not Applicable']",,,,,
24,WALLTYPE,Major outside wall material,"['1', '2', '3', '4', '5', '6', '7', '8', '9']","['Brick', 'Wood', 'Siding (Aluminum, Vinyl, Steel)', 'Stucco', 'Composition (Shingle)', 'Stone', 'Concrete/Concrete Block', 'Glass', 'Other']",,,,,
25,ROOFTYPE,Major roofing material,"['1', '2', '3', '4', '5', '6', '7', '8', '-2']","['Ceramic or Clay Tiles', 'Wood Shingles/Shakes', 'Metal', 'Slate or Synthetic Slate', 'Composition Shingles', 'Asphalt', 'Concrete Tiles', 'Other', 'Not Applicable']",,,,,
26,STUDIO,Studio apartment,"['0', '1', '-2']","['No', 'Yes', 'Not Applicable']",,,,,
27,NAPTFLRS,Number of floors in an apartment (Number of levels in housing unit that is an apartment),"['1 - 9', '-2']","['Number of floors in apartment', 'Not Applicable']",,,,,
28,STORIES,Number of stories in a single-family home,"['10', '20', '31', '32', '40', '50', '-2']","['One story', 'Two stories', 'Three stories', 'Four or more stories', 'Split-level', 'Other type', 'Not Applicable']",,,,,
29,TYPEHUQ4,Addition to a mobile home,"['0', '1', '-2']","['No', 'Yes', 'Not Applicable']",,,,,
30,BEDROOMS,Number of bedrooms,"['0 - 20', '-2']","['Number of bedrooms', 'Not Applicable']",,,,,
31,NCOMBATH,Number of full bathrooms,['0 - 9'],['Number of full bathrooms'],,,,,
32,NHAFBATH,Number of half bathrooms,['0 - 9'],['Number of half bathrooms'],,,,,
33,OTHROOMS,Number of rooms other than bedroom(s) and bathroom(s),['1 - 20'],['Number of other rooms'],,,,,
34,TOTROOMS,Total number of rooms in the housing unit,['1 - 25'],['Total number of rooms in the housing unit'],COL_B,,,,
35,CELLAR,Basement in housing unit,"['0', '1', '-2']","['No', 'Yes', 'Not Applicable']",,,,,
36,CRAWL,Housing unit over a crawl space,"['0', '1', '-2']","['No', 'Yes', 'Not Applicable']",,,,,
37,CONCRETE,Housing unit over a concrete slab,"['0', '1', '-2']","['No', 'Yes', 'Not Applicable']",,,,,
38,BASEFIN,Finished basement,"['0', '1', '-2']","['No', 'Yes', 'Not Applicable']",,,,,
39,FINBASERMS,Number of finished rooms in the basement,"['1 - 5', '-2']","['Number of finished basement rooms', 'Not Applicable']",,,,,
40,BASEHEAT,Heating used in basement,"['0', '1', '-2']","['No', 'Yes', 'Not Applicable']",,,,,
41,BASEHT2,All or partial basement heating,"['1', '2', '-2']","['All', 'Partial', 'Not Applicable']",,,,,
42,PCTBSTHT,Portion of the basement which is heated,"['1', '2', '3', '4', '5', '-2']","['Very Little (1-4%)', 'Some (5-33%)', 'About Half (34-66%)', 'About Three-Quarters (67-95%)', 'Most of It (96 - 99%)', 'Not Applicable']",,,,,
43,BASECOOL,Cooling used in basement,"['0', '1', '-2']","['No', 'Yes', 'Not Applicable']",,,,,
44,BASECL2,All or partial basement cooling,"['1', '2', '-2']","['All', 'Partial', 'Not Applicable']",,,,,
45,PCTBSTCL,Portion of the basement which is cooled,"['1', '2', '3', '4', '5', '-2']","['Very Little (1-4%)', 'Some (5-33%)', 'About Half (34-66%)', 'About Three-Quarters (67-95%)', 'Most of It (96 - 99%)', 'Not Applicable']",,,,,
46,BASEUSE,Portion of basement exclusively used by housing unit in apartment building with 2-4 units,"['0', '1', '2', '-2']","['None', 'All', 'Part', 'Not Applicable']",,,,,
47,ATTIC,Attic in housing unit,"['0', '1', '-2']","['No', 'Yes', 'Not Applicable']",,,,,
48,ATTICFIN,Finished attic,"['0', '1', '-2']","['No', 'Yes', 'Not Applicable']",,,,,
49,FINATTRMS,Number of finished rooms in the attic,"['1 - 5', '-2']","['Number of Finished Attic Rooms', 'Not Applicable']",,,,,
50,ATTCHEAT,Heating used in attic,"['0', '1', '-2']","['No', 'Yes', 'Not Applicable']",,,,,
51,ATTCHT2,All or partial attic heating,"['1', '2', '-2']","['All', 'Partial', 'Not Applicable']",,,,,
52,PCTATTHT,Portion of the attic which is heated,"['1', '2', '3', '4', '5', '-2']","['Very Little (1-4%)', 'Some (5-33%)', 'About Half (34-66%)', 'About Three-Quarters (67-95%)', 'Most of It (96 - 99%)', 'Not Applicable']",,,,,
53,ATTCCOOL,Cooling used in attic,"['0', '1', '-2']","['No', 'Yes', 'Not Applicable']",,,,,
54,ATTCCL2,All or partial attic cooling,"['1', '2', '-2']","['All', 'Partial', 'Not Applicable']",,,,,
55,PCTATTCL,Portion of the attic which is cooled,"['1', '2', '3', '4', '5', '-2']","['Very Little (1-4%)', 'Some (5-33%)', 'About Half (34-66%)', 'About Three-Quarters (67-95%)', 'Most of It (96 - 99%)', 'Not Applicable']",,,,,
56,ATTICUSE,Portion of attic exclusively used by housing unit in apartment building with 2-4 units,"['0', '1', '2', '-2']","['None', 'All', 'Part', 'Not Applicable']",,,,,
57,PRKGPLC1,Attached garage,"['0', '1', '-2']","['No', 'Yes', 'Not Applicable']",,,,,
58,SIZEOFGARAGE,Size of attached garage,"['1', '2', '3', '-2']","['One-car garage', 'Two-car garage', 'Three-or-more-car garage', 'Not Applicable']",,,,,
59,GARGLOC,Location of attached garage,"['1', '2', '3', '-2']","['Attached to the basement', 'Attached to the first floor', 'Attached to some other floor', 'Not Applicable']",,,,,
60,GARGHEAT,Heating used in attached garage,"['0', '1', '-2']","['No', 'Yes', 'Not Applicable']",,,,,
61,GARGCOOL,Cooling used in attached garage,"['0', '1', '-2']","['No', 'Yes', 'Not Applicable']",,,,,
62,PRKGPLC2,Detached garage or carport,"['0', '1', '-2']","['No', 'Yes', 'Not Applicable']",,,,,
63,SIZEOFDETACH,Size of detached garage or carport,"['1', '2', '3', '4', '-2']","['One-car garage', 'Two-car garage', 'Three-or-more-car garage', 'Carport', 'Not Applicable']",,,,,
64,OUTLET,Outlet within 20 feet of vehicle parking,"['0', '1', '-2', '-8', '-9']","['No', 'Yes', 'Not Applicable', 'Refuse', ""Don't Know""]",,,,,
114,STOVEN,Number of stoves (one appliance with cooktop and an oven),['0 - 10'],['Number of stoves'],,,,,
115,STOVENFUEL,Fuel used by most-used stove,"['1', '2', '5', '21', '-2']","['Natural Gas', 'Propane/LPG', 'Electricity', 'Other Fuel', 'Not Applicable']",OTH_B,OTH_B,OTH_B,,
116,STOVE,Number of separate cooktops,['0 - 10'],['Number of separate cooktops'],,,,,
117,STOVEFUEL,Fuel used by most-used separate cooktop,"['1', '2', '5', '21', '-2']","['Natural Gas', 'Propane/LPG', 'Electricity', 'Other Fuel', 'Not Applicable']",OTH_B,OTH_B,OTH_B,,
118,OVEN,Number of separate ovens,['0 - 10'],['Number of separate ovens'],,,,,
119,OVENFUEL,Fuel used by separate oven,"['1', '2', '5', '21', '-2']","['Natural Gas', 'Propane/LPG', 'Electricity', 'Other Fuel', 'Not Applicable']",OTH_B,OTH_B,OTH_B,,
120,OVENUSE,Frequency of oven use,"['0', '1', '2', '3', '4', '5', '6', '-2']","['Not used (if volunteered)', 'Three or more times a day', 'Two times a day', 'Once a day', 'A few times a week', 'About once a week', 'Less than once a week', 'Not Applicable']",OTH_B,OTH_B,OTH_B,,
121,OVENCLN,Self-cleaning oven,"['0', '1', '-2']","['No', 'Yes', 'Not Applicable']",,,,,
122,TYPECLN,Continuous or manual cleaning cycle for most-used oven,"['1', '2', '-2']","['Cleans continuously', 'Manually start the cleaning cycle', 'Not Applicable']",,,,,
123,MICRO,Microwave oven used,"['0', '1']","['No', 'Yes']",OTH_B,,,,
125,DEFROST,Microwave used for defrosting,"['0', '1', '-2']","['No', 'Yes', 'Not Applicable']",,,,,
126,OUTGRILL,Outdoor grill used,"['0', '1']","['No', 'Yes']",,OTH_B,,,
127,OUTGRILLFUEL,Fuel used by outdoor grill,"['1', '2', '21', '-2']","['Natural Gas', 'Propane/LPG', 'Other Fuel', 'Not Applicable']",,OTH_B,,,
128,TOPGRILL,Built-in indoor grill used,"['0', '1']","['No', 'Yes']",,OTH_B,,,
129,STGRILA,Fuel used by built-in indoor grill,"['1', '2', '5', '21', '-2']","['Natural Gas', 'Propane/LPG', 'Electricity', 'Other Fuel', 'Not Applicable']",,OTH_B,OTH_B,,
130,TOASTER,Toaster used,"['0', '1']","['No', 'Yes']",,,,,
131,NUMMEAL,Frequency hot meals are cooked,"['0', '1', '2', '3', '4', '5', '6']","['Ne ver cooks (if volunteered)', 'Three or more times a day', 'Two times a day', 'Once a day', 'A few times a week', 'About once a week', 'Less than once a week']",OTH_B,OTH_B,OTH_B,,
132,FUELFOOD,Most-used cooking fuel,"['1', '2', '5', '21', '-2']","['Natural Gas', 'Propane/LPG', 'Electricity', 'Other Fuel', 'Not Applicable']",,,,,
133,COFFEE,Coffee maker used,"['0', '1']","['No', 'Yes']",OTH_B,,,,
134,NUMFRIG,Number of refrigerators used,['0 - 10'],['Number of refrigerators used'],RFG_B,,,,
135,TYPERFR1,Door arrangement of most-used refrigerator,"['1', '3', '4', '5', '21', '22', '23', '-2']","['Full-size with one door', 'Half-size or compact', 'Other kind', 'Full-size with three or more doors', 'Full-size with two doors, freezer next to the refrigerator', 'Full-size with two doors, freezer above the refrigerator', 'Full-size with two doors, freezer below the refrigerator', 'Not Applicable']",,,,,
136,SIZRFRI1,Size of most-used refrigerator,"['1', '2', '3', '4', '5', '-2']","['Half-size or compact', 'Small (14 cubic feet or less)', 'Medium (15 to 18 cubic feet)', 'Large (19 to 22 cubic feet)', 'Very Large (more than 22 cubic feet)', 'Not Applicable']",RFG_B,,,,
137,REFRIGT1,Defrosting type of most-used refrigerator,"['1', '2', '3', '-2']","['Manual', 'Frost-free', 'No working freezer section (if volunteered)', 'Not Applicable']",,,,,
138,ICE,Through-the-door ice and water on most-used refrigerator,"['0', '1', '-2']","['No', 'Yes', 'Not Applicable']",RFG_A,,,,
139,AGERFRI1,Age of most-used refrigerator,"['1', '2', '3', '41', '42', '5', '-2']","['Less than 2 years old', '2 to 4 years old', '5 to 9 years old', '10 to 14 years old', '15 to 19 years old', '20 years or older', 'Not Applicable']",,,,,
140,ESFRIG,Energy Star most-used refrigerator,"['0', '1', '-2', '-8', '-9']","['No', 'Yes', 'Not Applicable', 'Refuse', ""Don't Know""]",RFG_A,,,,
141,REPLCFRI,Most-used refrigerator replaced by this household in the last 4 years,"['0', '1', '-2', '-8', '-9']","['No', 'Yes', 'Not Applicable', 'Refuse', ""Don't Know""]",,,,,
142,HELPFRI,Assistance for replacing most-used refrigerator,"['0', '1', '2', '3', '4', '5', '-2', '-8', '-9']","['Did not receive any assistance', 'Manfacturer or retailer rebate', 'Utility or energy supplier rebate', 'Tax credit', 'Subsidized loan', 'Weatherization assistance', 'Not Applicable', 'Refuse', ""Don't Know""]",,,,,
143,HELPFRIY,Year of assistance for most-used refrigerator,"['1', '2', '3', '4', '5', '6', '-2', '-8', '-9']","['2006', '2007', '2008', '2009', '2010', 'Prior to 2006', 'Not Applicable', 'Refuse', ""Don't Know""]",,,,,
144,TYPERFR2,Door arrangement of second most-used refrigerator,"['1', '3', '4', '5', '21', '22', '23', '-2']","['Full-size with one door', 'Half-size or compact', 'Other kind', 'Full-size with three or more doors', 'Full-size with two doors, freezer next to the refrigerator', 'Full-size with two doors, freezer above the refrigerator', 'Full-size with two doors, freezer below the refrigerator', 'Not Applicable']",,,,,
145,SIZRFRI2,Size of second most-used refrigerator,"['1', '2', '3', '4', '5', '-2']","['Half-size or compact', 'Small (14 cubic feet or less)', 'Medium (15 to 18 cubic feet)', 'Large (19 to 22 cubic feet)', 'Very Large (more than 22 cubic feet)', 'Not Applicable']",RFG_B,,,,
146,REFRIGT2,Defrosting type of second most-used refrigerator,"['1', '2', '3', '-2']","['Manual', 'Frost-free', 'No working freezer section (if volunteered)', 'Not Applicable']",,,,,
147,MONRFRI2,Number of months second most-used refrigerator used in 2009,"['0 - 12', '-2']","['Number of months second refrigerator used', 'Not Applicable']",,,,,
148,AGERFRI2,Age of second most-used refrigerator,"['1', '2', '3', '41', '42', '5', '-2']","['Less than 2 years old', '2 to 4 years old', '5 to 9 years old', '10 to 14 years old', '15 to 19 years old', '20 years or older', 'Not Applicable']",,,,,
149,ESFRIG2,Energy Star second most-used refrigerator,"['0', '1', '-2', '-8', '-9']","['No', 'Yes', 'Not Applicable', 'Refuse', ""Don't Know""]",RFG_A,,,,
150,TYPERFR3,Door arrangements of third most-used refrigerator,"['1', '3', '4', '5', '21', '22', '23', '-2']","['Full-size with one door', 'Half-size or compact', 'Other kind', 'Full-size with three or more doors', 'Full-size with two doors, freezer next to the refrigerator', 'Full-size with two doors, freezer above the refrigerator', 'Full-size with two doors, freezer below the refrigerator', 'Not Applicable']",,,,,
151,SIZRFRI3,Size of third most-used refrigerator,"['1', '2', '3', '4', '5', '-2']","['Half-size or compact', 'Small (14 cubic feet or less)', 'Medium (15 to 18 cubic feet)', 'Large (19 to 22 cubic feet)', 'Very Large (more than 22 cubic feet)', 'Not Applicable']",RFG_B,,,,
152,REFRIGT3,Defrosting type of third most-used refrigerator,"['1', '2', '3', '-2']","['Manual', 'Frost-free', 'No working freezer section (if volunteered)', 'Not Applicable']",,,,,
153,MONRFRI3,Number of months third most-used refrigerator used in 2009,"['0 - 12', '-2']","['Number of months third refrigerator used', 'Not Applicable']",,,,,
154,AGERFRI3,Age of third most-used refrigerator,"['1', '2', '3', '41', '42', '5', '-2']","['Less than 2 years old', '2 to 4 years old', '5 to 9 years old', '10 to 14 years old', '15 to 19 years old', '20 years or older', 'Not Applicable']",,,,,
155,ESFRIG3,Energy Star third most-used refrigerator,"['0', '1', '-2', '-8', '-9']","['No', 'Yes', 'Not Applicable', 'Refuse', ""Don't Know""]",RFG_A,,,,
156,SEPFREEZ,Separate freezer used,"['0', '1']","['No', 'Yes']",,,,,
157,NUMFREEZ,Number of separate freezers used,"['1', '2', '3', '-2']","['One', 'Two', 'Three', 'Not Applicable']",OTH_B,,,,
158,UPRTFRZR,Type of most-used freezer,"['1', '2', '-2']","['Upright', 'Chest', 'Not Applicable']",,,,,
159,SIZFREEZ,Size of most-used freezer,"['1', '2', '3', '4', '-2']","['Small (14 cubic feet or less)', 'Medium (15 to 18 cubic feet)', 'Large (19 to 22 cubic feet)', 'Very Large (more than 22 cubic feet)', 'Not Applicable']",OTH_B,,,,
160,FREEZER,Defrosting type for most-used freezer,"['1', '2', '-2']","['Manual', 'Frost-free', 'Not Applicable']",OTH_A,,,,
161,AGEFRZR,Age of most-used freezer,"['1', '2', '3', '41', '42', '5', '-2']","['Less than 2 years old', '2 to 4 years old', '5 to 9 years old', '10 to 14 years old', '15 to 19 years old', '20 years or older', 'Not Applicable']",,,,,
162,REPLCFRZ,Most-used freezer replaced by this household in the last 4 years,"['0', '1', '-2', '-8', '-9']","['No', 'Yes', 'Not Applicable', 'Refuse', ""Don't Know""]",,,,,
163,HELPFRZ,Assistance for replacing most-used freezer,"['0', '1', '2', '3', '4', '-2', '-8', '-9']","['Did not receive any assistance', 'Manfacturer or retailer rebate', 'Utility or energy supplier rebate', 'Tax credit', 'Subsidized loan', 'Not Applicable', 'Refuse', ""Don't Know""]",,,,,
164,HELPFRZY,Year of assistance for most-used freezer,"['1', '2', '3', '4', '5', '-2', '-8', '-9']","['2006', '2007', '2008', '2009', 'Prior to 2006', 'Not Applicable', 'Refuse', ""Don't Know""]",,,,,
165,UPRTFRZR2,Type of second most-used freezer,"['1', '2', '-2']","['Upright', 'Chest', 'Not Applicable']",,,,,
166,SIZFREEZ2,Size of second most-used freezer,"['1', '2', '3', '4', '-2']","['Small (14 cubic feet or less)', 'Medium (15 to 18 cubic feet)', 'Large (19 to 22 cubic feet)', 'Very Large (more than 22 cubic feet)', 'Not Applicable']",OTH_B,,,,
167,FREEZER2,Defrosting type for second most-used freezer,"['1', '2', '-2']","['Manual', 'Frost-free', 'Not Applicable']",OTH_A,,,,
168,AGEFRZR2,Age of second most-used freezer,"['1', '2', '3', '41', '42', '5', '-2']","['Less than 2 years old', '2 to 4 years old', '5 to 9 years old', '10 to 14 years old', '15 to 19 years old', '20 years or older', 'Not Applicable']",,,,,
169,DISHWASH,Dishwasher used,"['0', '1']","['No', 'Yes']",OTH_B,,WTH_B,,
170,DWASHUSE,Frequency dishwasher used,"['11', '12', '13', '20', '30', '-2']","['Less than once a week', 'Once each week', '2 or 3 times a week', '4 to 6 times a week', 'At least once each day', 'Not Applicable']",OTH_B,WTH_B,WTH_B,,
171,AGEDW,Age of dishwasher,"['1', '2', '3', '41', '42', '5', '-2']","['Less than 2 years old', '2 to 4 years old', '5 to 9 years old', '10 to 14 years old', '15 to 19 years old', '20 years or older', 'Not Applicable']",,,,,
172,ESDISHW,Energy Star dishwasher,"['0', '1', '-2', '-8', '-9']","['No', 'Yes', 'Not Applicable', 'Refuse', ""Don't Know""]",,,,,
173,REPLCDW,Dishwasher replaced by this household in the last 4 years,"['0', '1', '-2', '-8', '-9']","['No', 'Yes', 'Not Applicable', 'Refuse', ""Don't Know""]",,,,,
174,HELPDW,Assistance for replacing dishwasher,"['0', '1', '2', '3', '4', '-2', '-8', '-9']","['Did not receive any assistance', 'Manfacturer or retailer rebate', 'Utility or energy supplier rebate', 'Tax credit', 'Subsidized loan', 'Not Applicable', 'Refuse', ""Don't Know""]",,,,,
175,HELPDWY,Year of assistance for dishwasher,"['1', '2', '3', '4', '5', '6', '-2', '-8', '-9']","['2006', '2007', '2008', '2009', '2010', 'Prior to 2006', 'Not Applicable', 'Refuse', ""Don't Know""]",,,,,
225,CWASHER,Clothes washer used in home,"['0', '1']","['No', 'Yes']",OTH_B,WTH_B,,,
226,TOPFRONT,Top or front loading clothes washer used in home,"['1', '2', '-2']","['Top loading', 'Front loading', 'Not Applicable']",,,,,
227,WASHLOAD,Frequency clothes washer used,"['1', '2', '3', '4', '5', '-2']","['1 load or less each week', '2 to 4 loads each week', '5 to 9 loads each week', '10 to 15 loads each week', 'More than 15 loads each week', 'Not Applicable']",OTH_A,OTH_A,,,
228,WASHTEMP,Water temperature used for clothes washer wash cycle,"['1', '2', '3', '-2']","['Hot', 'Warm', 'Cold', 'Not Applicable']",,,,,
229,RNSETEMP,Water temperature used for clothes washer rinse cycle,"['1', '2', '3', '-2']","['Hot', 'Warm', 'Cold', 'Not Applicable']",OTH_A,,,,
230,AGECWASH,Age of clothes washer,"['1', '2', '3', '41', '42', '5', '-2']","['Less than 2 years old', '2 to 4 years old', '5 to 9 years old', '10 to 14 years old', '15 to 19 years old', '20 years or older', 'Not Applicable']",,,,,
231,ESCWASH,Energy Star clothes washer,"['0', '1', '-2', '-8', '-9']","['No', 'Yes', 'Not Applicable', 'Refuse', ""Don't Know""]",,,,,
232,REPLCCW,Clothes washer replaced by this household in the last 4 years,"['0', '1', '-2', '-8', '-9']","['No', 'Yes', 'Not Applicable', 'Refuse', ""Don't Know""]",,,,,
233,HELPCW,Assistance for replacing clothes washer,"['0', '1', '2', '3', '4', '-2', '-8', '-9']","['Did not receive any assistance', 'Manfacturer or retailer rebate', 'Utility or energy supplier rebate', 'Tax credit', 'Subsidized loan', 'Not Applicable', 'Refuse', ""Don't Know""]",,,,,
234,HELPCWY,Year of assistance for the clothes washer,"['1', '2', '3', '4', '5', '6', '-2', '-8', '-9']","['2006', '2007', '2008', '2009', '2010', 'Prior to 2006', 'Not Applicable', 'Refuse', ""Don't Know""]",,,,,
235,DRYER,Clothes dryer used in home,"['0', '1']","['No', 'Yes']",OTH_B,,,,
236,DRYRFUEL,Fuel used by clothes dryer,"['1', '2', '5', '-2']","['Natural Gas', 'Propane/LPG', 'Electricity', 'Not Applicable']",OTH_B,OTH_B,OTH_B,,
237,DRYRUSE,Frequency clothes dryer used,"['1', '2', '3', '-2']","['Use it every time you wash clothes', 'Use it for some, but not all, loads of wash', 'Use it infrequently', 'Not Applicable']",,OTH_A,,,
238,AGECDRYER,Age of clothes dryer,"['1', '2', '3', '41', '42', '5', '-2']","['Less than 2 years old', '2 to 4 years old', '5 to 9 years old', '10 to 14 years old', '15 to 19 years old', '20 years or older', 'Not Applicable']",,,,,
239,TVCOLOR,Number of televisions used,['0 - 15'],['Number of televisions used'],OTH_B,,,,
240,TVSIZE1,Size of most-used TV,"['1', '2', '3', '-2']","['20 inches or less', 'Between 21 and 26 inches', '37 inches or more', 'Not Applicable']",OTH_A,,,,
241,TVTYPE1,Display type of most-used TV,"['1', '2', '3', '4', '5', '-2']","['Standard Tube', 'LCD', 'Plasma', 'Projection', 'LED', 'Not Applicable']",,,,,
242,CABLESAT1,Cable box or satellite box connected to the most-used TV,"['0', '1', '2', '-2']","['Neither', 'Cable Box', 'Satellite Box', 'Not Applicable']",OTH_B,,,,
243,COMBODVR1,DVR built into the cable box or satellite box connected to the most-used TV,"['0', '1', '-2']","['No', 'Yes', 'Not Applicable']",OTH_B,,,,
244,DVR1,Separate DVR connected to the most-used TV,"['0', '1', '-2']","['No', 'Yes', 'Not Applicable']",OTH_B,,,,
245,DIGITSTB1,Digital converter box connected to the most-used TV,"['0', '1', '-2']","['No', 'Yes', 'Not Applicable']",,,,,
246,PLAYSTA1,Video game console connected to the most-used TV,"['0', '1', '-2']","['No', 'Yes', 'Not Applicable']",OTH_B,,,,
247,COMBOVCRDVD1,Combo VCR/DVD connected to the most-used TV,"['0', '1', '-2']","['No', 'Yes', 'Not Applicable']",,,,,
248,VCR1,VCR connected to the most-used TV,"['0', '1', '-2']","['No', 'Yes', 'Not Applicable']",,,,,
249,DVD1,DVD player connected to the most-used TV,"['0', '1', '-2']","['No', 'Yes', 'Not Applicable']",,,,,
250,TVAUDIOSYS1,Home theater system connected to the most-used TV,"['0', '1', '-2']","['No', 'Yes', 'Not Applicable']",OTH_B,,,,
251,OTHERSTB1,Other set-top box connected to the most-used TV,"['0', '1', '-2']","['No', 'Yes', 'Not Applicable']",OTH_B,,,,
256,TVSIZE2,Size of second most-used TV,"['1', '2', '3', '-2']","['20 inches or less', 'Between 21 and 26 inches', '37 inches or more', 'Not Applicable']",OTH_A,,,,
257,TVTYPE2,Display type of second most-used TV,"['1', '2', '3', '4', '5', '-2']","['Standard Tube', 'LCD', 'Plasma', 'Projection', 'LED', 'Not Applicable']",,,,,
258,CABLESAT2,Cable box or satellite box connected to the second most-used TV,"['0', '1', '2', '-2']","['Neither', 'Cable Box', 'Satellite Box', 'Not Applicable']",OTH_B,,,,
259,COMBODVR2,DVR built into the cable box or satellite box connected to the second most-used TV,"['0', '1', '-2']","['No', 'Yes', 'Not Applicable']",OTH_B,,,,
260,DVR2,Separate DVR connected to the second most-used TV,"['0', '1', '-2']","['No', 'Yes', 'Not Applicable']",OTH_B,,,,
261,DIGITSTB2,Digital converter box connected to the second most-used TV,"['0', '1', '-2']","['No', 'Yes', 'Not Applicable']",,,,,
262,PLAYSTA2,Video game console connected to the second most-used TV,"['0', '1', '-2']","['No', 'Yes', 'Not Applicable']",OTH_B,,,,
263,COMBOVCRDVD2,Combo VCR/DVD connected to the second most-used TV,"['0', '1', '-2']","['No', 'Yes', 'Not Applicable']",,,,,
264,VCR2,VCR connected to the second most-used TV,"['0', '1', '-2']","['No', 'Yes', 'Not Applicable']",,,,,
265,DVD2,DVD player connected to the second most-used TV,"['0', '1', '-2']","['No', 'Yes', 'Not Applicable']",,,,,
266,TVAUDIOSYS2,Home theater system connected to the second most-used TV,"['0', '1', '-2']","['No', 'Yes', 'Not Applicable']",OTH_B,,,,
267,OTHERSTB2,Other set-top box connected to the second most-used TV,"['0', '1', '-2']","['No', 'Yes', 'Not Applicable']",OTH_B,,,,
272,TVSIZE3,Size of third most-used TV size,"['1', '2', '3', '-2']","['20 inches or less', 'Between 21 and 26 inches', '37 inches or more', 'Not Applicable']",OTH_A,,,,
273,TVTYPE3,Display type of third most-used TV,"['1', '2', '3', '4', '5', '-2']","['Standard Tube', 'LCD', 'Plasma', 'Projection', 'LED', 'Not Applicable']",,,,,
274,CABLESAT3,Cable box or satellite box connected to the third most-used TV,"['0', '1', '2', '-2']","['Neither', 'Cable Box', 'Satellite Box', 'Not Applicable']",OTH_B,,,,
275,COMBODVR3,DVR built into the cable box or satellite box connected to the third most-used TV,"['0', '1', '-2']","['No', 'Yes', 'Not Applicable']",OTH_B,,,,
276,DVR3,Separate DVR connected to the third most-used TV,"['0', '1', '-2']","['No', 'Yes', 'Not Applicable']",OTH_B,,,,
277,DIGITSTB3,Digital converter box connected to the third most-used TV,"['0', '1', '-2']","['No', 'Yes', 'Not Applicable']",,,,,
278,PLAYSTA3,Video game console connected to the third most-used TV,"['0', '1', '-2']","['No', 'Yes', 'Not Applicable']",OTH_B,,,,
279,COMBOVCRDVD3,Combo VCR/DVD connected to the third most-used TV,"['0', '1', '-2']","['No', 'Yes', 'Not Applicable']",,,,,
280,VCR3,VCR connected to the third most-used TV,"['0', '1', '-2']","['No', 'Yes', 'Not Applicable']",,,,,
281,DVD3,DVD player connected to the third most-used TV,"['0', '1', '-2']","['No', 'Yes', 'Not Applicable']",,,,,
282,TVAUDIOSYS3,Home theater system connected to the third most-used TV,"['0', '1', '-2']","['No', 'Yes', 'Not Applicable']",OTH_B,,,,
283,OTHERSTB3,Other set-top box connected to the third most-used TV,"['0', '1', '-2']","['No', 'Yes', 'Not Applicable']",OTH_B,,,,
288,COMPUTER,Computer used at home,"['0', '1']","['No', 'Yes']",,,,,
289,NUMPC,Number of computers used,['0 - 15'],['Number of computers used'],OTH_B,,,,
290,PCTYPE1,Most-used computer - desktop or laptop,"['1', '2', '-2']","['Desktop', 'Laptop', 'Not Applicable']",OTH_B,,,,
291,MONITOR1,Monitor type of most-used computer,"['0', '1', '-2']","['Standard Monitor', 'Flat-Panel LCD Monitor', 'Not Applicable']",,,,,
293,PCONOFF1,Turn off most-used computer when not in use,"['0', '1', '-2']","['No', 'Yes', 'Not Applicable']",OTH_A,,,,
294,PCSLEEP1,Sleep or standby mode for most-used computer when not in use,"['0', '1', '-2']","['No', 'Yes', 'Not Applicable']",,,,,
295,PCTYPE2,Second most-used computer - desktop or laptop,"['1', '2', '-2']","['Desktop', 'Laptop', 'Not Applicable']",OTH_B,,,,
296,MONITOR2,Monitor type of second most-used computer,"['0', '1', '-2']","['Standard Monitor', 'Flat-Panel LCD Monitor', 'Not Applicable']",,,,,
298,PCONOFF2,Turn off second most-used computer when not in use,"['0', '1', '-2']","['No', 'Yes', 'Not Applicable']",OTH_A,,,,
299,PCSLEEP2,Sleep or standby mode for second most-used computer when not in use,"['0', '1', '-2']","['No', 'Yes', 'Not Applicable']",,,,,
300,PCTYPE3,Third most-used computer - desktop or laptop,"['1', '2', '-2']","['Desktop', 'Laptop', 'Not Applicable']",OTH_B,,,,
301,MONITOR3,Monitor type of third most-used computer,"['0', '1', '-2']","['Standard Monitor', 'Flat-Panel LCD Monitor', 'Not Applicable']",,,,,
303,PCONOFF3,Turn off third most-used computer when not in use,"['0', '1', '-2']","['No', 'Yes', 'Not Applicable']",OTH_A,,,,
304,PCSLEEP3,Sleep or standby mode for third most-used computer when not in use,"['0', '1', '-2']","['No', 'Yes', 'Not Applicable']",,,,,
305,INTERNET,Internet access at home,"['0', '1', '-2']","['No', 'Yes', 'Not Applicable']",,,,,
306,INDIALUP,Dial-up internet access,"['0', '1', '-2']","['No', 'Yes', 'Not Applicable']",,,,,
307,INDSL,DSL or Fiber Optic internet access,"['0', '1', '-2']","['No', 'Yes', 'Not Applicable']",,,,,
308,INCABLE,Cable internet access,"['0', '1', '-2']","['No', 'Yes', 'Not Applicable']",,,,,
309,INSATEL,Satellite internet access,"['0', '1', '-2']","['No', 'Yes', 'Not Applicable']",,,,,
310,INWIRELESS,Wireless internet in home,"['0', '1', '-2']","['No', 'Yes', 'Not Applicable']",,,,,
311,PCPRINT,Number of printers used,"['0 - 9', '-2']","['Number of printers used', 'Not Applicable']",,,,,
312,FAX,Separate fax machine used,"['0', '1']","['No', 'Yes']",OTH_B,,,,
313,COPIER,Separate copy machine used,"['0', '1']","['No', 'Yes']",,,,,
314,WELLPUMP,Well water pump used,"['0', '1', '-2']","['No', 'Yes', 'Not Applicable']",OTH_B,,,,
315,DIPSTICK,Automotive block or engine heater or battery blanket used,"['0', '1', '-2']","['No', 'Yes', 'Not Applicable']",OTH_B,,,,
316,SWAMPCOL,Evaporative cooler used,"['0', '1', '-2']","['No', 'Yes', 'Not Applicable']",,,,,
317,AQUARIUM,Large heated aquarium used,"['0', '1']","['No', 'Yes']",OTH_B,,,,
318,STEREO,Stereo equipment used,"['0', '1']","['No', 'Yes']",,,,,
319,NOCORD,Cordless telephone used,"['0', '1']","['No', 'Yes']",,,,,
320,ANSMACH,Answering machine used,"['0', '1']","['No', 'Yes']",,,,,
321,BATTOOLS,Number of rechargeable tools and appliances used,"['0', '1', '2', '3']","['0', '1 to 3', '4 to 8', 'More than 8']",,,,,
322,BATCHRG,Charging patterns for rechargeable tools and appliances,"['1', '2', '3', '-2']","['Keep them plugged in all the time', 'Recharge them as needed', 'Both ways are used', 'Not Applicable']",,,,,
323,CHRGPLGT,Chargers for rechargeable tools and appliances left plugged into wall,"['0', '1', '2', '-2']","['No', 'Yes', 'Some but not all', 'Not Applicable']",,,,,
324,ELECDEV,Number of rechargeable electronic devices used,"['0', '1', '2', '3']","['0', '1 to 3', '4 to 8', 'More than 8']",OTH_B,,,,
325,ELECCHRG,Charging patterns for rechargeable electronic devices,"['1', '2', '3', '-2']","['Keep them plugged in all the time', 'Recharge them as needed', 'Both ways are used', 'Not Applicable']",OTH_A,,,,
326,CHRGPLGE,Chargers for rechargeable electronic devices left plugged into wall,"['0', '1', '2', '-2']","['No', 'Yes', 'Some but not all', 'Not Applicable']",,,,,
425,HEATHOME,Space heating equipment used,"['0', '1']","['No', 'Yes']",,,,,
426,DNTHEAT,"No space heating equipment, or unused space heating equipment","['1', '2', '-2']","[""Have equipment but don't use it"", ""Don't have any heating equipment"", 'Not Applicable']",,,,,
427,EQUIPNOHEAT,Unused space heating equipment type,"['2', '3', '4', '5', '6', '7', '8', '9', '10', '11', '12', '21', '-2']","['Steam or Hot Water System', 'Central Warm-Air Furnace', 'Heat Pump', 'Built-In Electric Units', 'Floor or Wall Pipeless Furnace', 'Built-In Room Heater', 'Heating Stove', 'Fireplace', 'Portable Electric Heaters', 'Portable Kerosene Heaters', 'Cooking Stove', 'Other Equipment', 'Not Applicable']",,,,,
428,FUELNOHEAT,Fuel for unused space heating equipment,"['1', '2', '3', '4', '5', '7', '8', '9', '21', '-2']","['Natural Gas', 'Propane/LPG', 'Fuel Oil', 'Kerosene', 'Electricity', 'Wood', 'Solar', 'District Steam', 'Other Fuel', 'Not Applicable']",,,,,
429,EQUIPM,Type of main space heating equpiment used,"['2', '3', '4', '5', '6', '7', '8', '9', '10', '11', '12', '21', '-2']","['Steam or Hot Water System', 'Central Warm-Air Furnace', 'Heat Pump', 'Built-In Electric Units', 'Floor or Wall Pipeless Furnace', 'Built-In Room Heater', 'Heating Stove', 'Fireplace', 'Portable Electric Heaters', 'Portable Kerosene Heaters', 'Cooking Stove', 'Other Equipment', 'Not Applicable']","SPH_A, OTH_B",SPH_A,,,
430,FUELHEAT,Main space heating fuel,"['1', '2', '3', '4', '5', '7', '8', '9', '21', '-2']","['Natural Gas', 'Propane/LPG', 'Fuel Oil', 'Kerosene', 'Electricity', 'Wood', 'Solar', 'District Steam', 'Other Fuel', 'Not Applicable']",SPH_B,"SPH_B, OTH_B","SPH_B, OTH_B","SPH_B, OTH_B","SPH_B, OTH_B"
431,MAINTHT,Routine service or maintenance performed on main space heating equipment,"['0', '1', '-2']","['No', 'Yes', 'Not Applicable']",,,,,
432,EQUIPAGE,Age of main space heating equipment,"['1', '2', '3', '41', '42', '5', '-2']","['Less than 2 years old', '2 to 4 years old', '5 to 9 years old', '10 to 14 years old', '15 to 19 years old', '20 years or older', 'Not Applicable']",,,,,
433,REPLCHT,Main space heating equipment replaced by this household in the last 4 years,"['0', '1', '-2', '-8', '-9']","['No', 'Yes', 'Not Applicable', 'Refuse', ""Don't Know""]",,,,,
434,HELPHT,Assistance for replacing or maintaining main space heating equipment,"['0', '1', '2', '3', '4', '5', '-2', '-8', '-9']","['Did not receive any assistance', 'Manfacturer or retailer rebate', 'Utility or energy supplier rebate', 'Tax credit', 'Subsidized loan', 'Weatherization assistance', 'Not Applicable', 'Refuse', ""Don't Know""]",,,,,
435,HELPHTY,Year of assistance for main space heating equipment,"['1', '2', '3', '4', '5', '6', '-2', '-8', '-9']","['2006', '2007', '2008', '2009', '2010', 'Prior to 2006', 'Not Applicable', 'Refuse', ""Don't Know""]",,,,,
436,HEATOTH,"Main space heating equipment heats other homes, business, or farm","['0', '1', '-2']","['No', 'Yes', 'Not Applicable']",,,,,
437,EQUIPAUX,Secondary space heating equipment used,"['0', '1', '-2']","['No', 'Yes', 'Not Applicable']",,,,,
438,REVERSE,Heat pump used for secondary space heating,"['0', '1', '-2']","['No', 'Yes', 'Not Applicable']",,,,,
439,WARMAIR,Central warm-air furnace used for secondary space heating,"['0', '1', '-2']","['No', 'Yes', 'Not Applicable']",,,,,
440,FURNFUEL,Fuel used by warm-air furnace for secondary space heating,"['1', '2', '3', '4', '5', '7', '8', '9', '21', '-2']","['Natural Gas', 'Propane/LPG', 'Fuel Oil', 'Kerosene', 'Electricity', 'Wood', 'Solar', 'District Steam', 'Other Fuel', 'Not Applicable']",,,,,
441,STEAMR,Hot water system used for secondary space heating,"['0', '1', '-2']","['No', 'Yes', 'Not Applicable']",,,,,
442,RADFUEL,Fuel used by hot water system for secondary space heating,"['1', '2', '3', '4', '5', '7', '8', '9', '21', '-2']","['Natural Gas', 'Propane/LPG', 'Fuel Oil', 'Kerosene', 'Electricity', 'Wood', 'Solar', 'District Steam', 'Other Fuel', 'Not Applicable']",,,,,
443,PERMELEC,Built-in electric units used for secondary space heating,"['0', '1', '-2']","['No', 'Yes', 'Not Applicable']",,,,,
444,PIPELESS,Pipeless furnace used for secondary space heating,"['0', '1', '-2']","['No', 'Yes', 'Not Applicable']",,,,,
445,PIPEFUEL,Fuel used by pipeless furnace for secondary space heating,"['1', '2', '3', '4', '5', '7', '8', '9', '21', '-2']","['Natural Gas', 'Propane/LPG', 'Fuel Oil', 'Kerosene', 'Electricity', 'Wood', 'Solar', 'District Steam', 'Other Fuel', 'Not Applicable']",,,,,
446,ROOMHEAT,Built-in room heaters used for secondary space hearing,"['0', '1', '-2']","['No', 'Yes', 'Not Applicable']",,,,,
447,RMHTFUEL,Fuel used by built-in electric units for secondary space heating,"['1', '2', '3', '4', '-2']","['Natural Gas', 'Propane/LPG', 'Fuel Oil', 'Kerosene', 'Not Applicable']",,,,,
448,WOODKILN,Heating stove used for secondary space heating,"['0', '1', '-2']","['No', 'Yes', 'Not Applicable']",,,,,
449,HSFUEL,Fuel used by heating stove for secondary space heating,"['7', '21', '-2']","['Wood', 'Other Fuel', 'Not Applicable']",,,,,
450,CARRYEL,Portable electric heaters used for secondary space heating,"['0', '1', '-2']","['No', 'Yes', 'Not Applicable']",,,,,
451,CARRYKER,Portable kerosene heaters used for secondary space heating,"['0', '1', '-2']","['No', 'Yes', 'Not Applicable']",,,,,"SPH_B, OTH_B"
452,CHIMNEY,Fireplace used for secondary space heating,"['0', '1', '-2']","['No', 'Yes', 'Not Applicable']",,,,,
453,FPFUEL,Fuel used by fireplace for secondary space heating,"['1', '2', '7', '21', '-2']","['Natural Gas', 'Propane/LPG', 'Wood', 'Other Fuel', 'Not Applicable']",,,,,
454,NGFPFLUE,Flue on gas fireplace,"['1', '2', '-2']","['Flue to the outside', 'Flueless', 'Not Applicable']",,,,,
455,USENGFP,Frequency gas fireplace used,"['1', '2', '3', '-2']","['Most days', 'About once a week', 'Fewer than 4 times each month', 'Not Applicable']",,,,,
456,RANGE,Cooking stove used for secondary space heating,"['0', '1', '-2']","['No', 'Yes', 'Not Applicable']",,,,,
457,RNGFUEL,Fuel used by cooking stove for secondary space heating,"['1', '2', '3', '4', '5', '7', '21', '-2']","['Natural Gas', 'Propane/LPG', 'Fuel Oil', 'Kerosene', 'Electricity', 'Wood', 'Other Fuel', 'Not Applicable']",,,,,
458,DIFEQUIP,Other equipment used for secondary space heating,"['0', '1', '-2']","['No', 'Yes', 'Not Applicable']",,,,,
459,DIFFUEL,Fuel used by other secondary space heating equipment,"['1', '2', '3', '4', '5', '7', '8', '9', '21', '-2']","['Natural Gas', 'Propane/LPG', 'Fuel Oil', 'Kerosene', 'Electricity', 'Wood', 'Solar', 'District Steam', 'Other Fuel', 'Not Applicable']",,,,,
460,EQMAMT,Portion of space heating provided by main space heating equipment (for homes with main and secondary heating only),"['1', '2', '3', '-2']","['Almost all', 'About three-fourths', 'Closer to half', 'Not Applicable']",SPH_A,SPH_A,SPH_A,SPH_A,
461,HEATROOM,Number of rooms heated,"['1 - 25', '-2']","['Number of rooms heated', 'Not Applicable']",,,,,
462,THERMAIN,Thermostat(s) for heating equipment,"['0', '1', '-2']","['No', 'Yes', 'Not Applicable']",,,,,
463,NUMTHERM,Number of thermostats,"['1 - 5', '-2']","['Number of thermostats', 'Not Applicable']",,,,,
464,PROTHERM,Programmable main thermostat,"['0', '1', '-2']","['No', 'Yes', 'Not Applicable']",,,,,
465,AUTOHEATNITE,Programmable thermostat lowers temperature at night,"['0', '1', '-2']","['No', 'Yes', 'Not Applicable']",,,,,
466,AUTOHEATDAY,Programmable thermostat lowers temperature during the day,"['0', '1', '-2']","['No', 'Yes', 'Not Applicable']",,,,,
467,TEMPHOME,Temperature when someone is home during the day (winter),"['40 - 96', '-2']","['Temperature when someone is home during the day (winter)', 'Not Applicable']",,,,,
468,TEMPGONE,Temperature when no on is home during the day (winter),"['40 - 96', '-2']","['Temperature when no one is home during the day (winter)', 'Not Applicable']",,,,,OTH_B
469,TEMPNITE,Temperature at night  (winter),"['40 - 96', '-2']","['Temperature at night (winter)', 'Not Applicable']",,,,,
470,MOISTURE,Humidifier used,"['0', '1']","['No', 'Yes']",OTH_B,,,,
471,USEMOISTURE,Number of months humidifier used in 2009,"['1', '2', '3', '4', '5', '-2']","['1 to 3 months', '4 to 6 months', '7 to 9 months', '10 to 11 months', 'Turned on all year', 'Not Applicable']",OTH_B,,,,
503,NUMH2ONOTNK,Number of tankless water heaters,['0 - 9'],['Number of Tankless Water Heaters'],,,WTH_B,WTH_B,
504,NUMH2OHTRS,Number of storage water heaters,['0 - 9'],['Number of Storage Water Heaters'],,,WTH_B,WTH_B,
505,H2OTYPE1,Type of main water heater,"['1', '2', '-2']","['Storage water heater', 'Tankless water heater', 'Not Applicable']",WTH_B,WTH_B,WTH_B,WTH_B,
506,FUELH2O,Fuel used by main water heater,"['1', '2', '3', '4', '5', '7', '8', '21', '-2']","['Natural Gas', 'Propane/LPG', 'Fuel Oil', 'Kerosene', 'Electricity', 'Wood', 'Solar', 'Other Fuel', 'Not Applicable']",WTH_B,"WTH_B, OTH_B","WTH_B, OTH_B","WTH_B, OTH_B","WTH_B, OTH_B"
507,WHEATOTH,Main water heater is used by more than one housing unit,"['0', '1', '-2']","['No', 'Yes', 'Not Applicable']",,,,,
508,WHEATSIZ,Main water heater size (if storage tank),"['1', '2', '3', '-2']","['Small (30 gallons or less)', 'Medium (31 to 49 gallons)', 'Large (50 gallons or more)', 'Not Applicable']",WTH_B,WTH_B,WTH_B,WTH_B,
509,WHEATAGE,Main water heater age,"['1', '2', '3', '41', '42', '5', '-2']","['Less than 2 years old', '2 to 4 years old', '5 to 9 years old', '10 to 14 years old', '15 to 19 years old', '20 years or older', 'Not Applicable']",WTH_A,,,,
510,WHEATBKT,Blanket around the main water heater (if storage tank),"['0', '1', '-2']","['No', 'Yes', 'Not Applicable']",,,,,
511,HELPWH,Assistance for purchasing the water heater blanket,"['0', '1', '2', '3', '4', '5', '-2', '-8', '-9']","['Did not receive any assistance', 'Manfacturer or retailer rebate', 'Utility or energy supplier rebate', 'Tax credit', 'Subsidized loan', 'Weatherization assistance', 'Not Applicable', 'Refuse', ""Don't Know""]",,,,,
512,HELPWHY,Year of the assistance for purchasing the water heater blanket,"['1', '2', '3', '4', '5', '6', '-2', '-8', '-9']","['2006', '2007', '2008', '2009', 'Prior to 2006', '2010', 'Not Applicable', 'Refuse', ""Don't Know""]",,,,,
513,H2OTYPE2,Type of secondary water heater,"['1', '2', '-2']","['Storage water heater', 'Tankless water heater', 'Not Applicable']",WTH_B,,WTH_B,WTH_B,
514,FUELH2O2,Fuel used by secondary water heater,"['1', '2', '3', '4', '5', '7', '8', '21', '-2']","['Natural Gas', 'Propane/LPG', 'Fuel Oil', 'Kerosene', 'Electricity', 'Wood', 'Solar', 'Other Fuel', 'Not Applicable']",WTH_B,"WTH_B, OTH_B","WTH_B, OTH_B","WTH_B, OTH_B","WTH_B, OTH_B"
515,WHEATSIZ2,Secondary water heater size (if storage tank),"['1', '2', '3', '-2']","['Small (30 gallons or less)', 'Medium (31 to 49 gallons)', 'Large (50 gallons or more)', 'Not Applicable']",WTH_B,,WTH_B,WTH_B,
516,WHEATAGE2,Secondary water heater age,"['1', '2', '3', '41', '42', '5', '-2']","['Less than 2 years old', '2 to 4 years old', '5 to 9 years old', '10 to 14 years old', '15 to 19 years old', '20 years or older', 'Not Applicable']",,,,,
529,AIRCOND,Air conditioning equipment used,"['0', '1']","['No', 'Yes']",COL_B,,,,
530,DNTAC,"No air conditioning equipment, or unused air conditioning equipment","['1', '2', '-2']","[""Have equipment but don't use it"", ""Don't have any air conditioning equipment"", 'Not Applicable']",,,,,
531,COOLTYPENOAC,Type of unused air conditioning equipment,"['1', '2', '3', '-2']","['Central system', 'Window/wall units', 'Both a central system and window/wall units', 'Not Applicable']",,,,,
532,COOLTYPE,Type of air conditioning equipment used,"['1', '2', '3', '-2']","['Central system', 'Window/wall units', 'Both a central system and window/wall units', 'Not Applicable']",COL_B,,,,
533,DUCTS,Ducts for space heating and air conditioning,"['0', '1', '-2']","['No', 'Yes', 'Not Applicable']",,,,,
534,CENACHP,Central air conditioner is a heat pump,"['0', '1', '-2']","['No', 'Yes', 'Not Applicable']",,,,,
535,ACOTHERS,"Central air conditioner cools other homes, business, or farm","['0', '1', '-2']","['No', 'Yes', 'Not Applicable']",,,,,
536,MAINTAC,Routine service or maintenance performed on central air conditioner,"['0', '1', '-2']","['No', 'Yes', 'Not Applicable']",,,,,
537,AGECENAC,Age of central air conditioner,"['1', '2', '3', '41', '42', '5', '-2']","['Less than 2 years old', '2 to 4 years old', '5 to 9 years old', '10 to 14 years old', '15 to 19 years old', '20 years or older', 'Not Applicable']",,,,,
538,REPLCCAC,Central air conditioner replaced by this household in the last 4 years,"['0', '1', '-2', '-8', '-9']","['No', 'Yes', 'Not Applicable', 'Refuse', ""Don't Know""]",,,,,
539,HELPCAC,Assistance for maintaining or replacing central air conditioner,"['0', '1', '2', '3', '4', '5', '-2', '-8', '-9']","['Did not receive any assistance', 'Manfacturer or retailer rebate', 'Utility or energy supplier rebate', 'Tax credit', 'Subsidized loan', 'Weatherization assistance', 'Not Applicable', 'Refuse', ""Don't Know""]",,,,,
540,HELPCACY,Year of assistance for central air conditioner,"['1', '2', '3', '4', '5', '6', '-2', '-8', '-9']","['2006', '2007', '2008', '2009', 'Prior to 2006', '2010', 'Not Applicable', 'Refuse', ""Don't Know""]",,,,,
541,ACROOMS,Number of rooms cooled,"['1 - 25', '-2']","['Number of rooms cooled', 'Not Applicable']",,,,,
542,USECENAC,Frequency central air conditioner used in summer 2009,"['1', '2', '3', '-2']","['Turned on only a few days or nights when really needed', 'Turned on quite a bit', 'Turned on just about all summer', 'Not Applicable']",COL_A,,,,
543,THERMAINAC,Thermostat for central air conditioner,"['0', '1', '-2']","['No', 'Yes', 'Not Applicable']",,,,,
544,PROTHERMAC,Programmable thermostat for central air conditioner,"['0', '1', '-2']","['No', 'Yes', 'Not Applicable']",,,,,
545,AUTOCOOLNITE,Programmable thermostat adjusts temperature at night,"['0', '1', '-2']","['No', 'Yes', 'Not Applicable']",,,,,
546,AUTOCOOLDAY,Programmable thermostat adjusts temperature during the day,"['0', '1', '-2']","['No', 'Yes', 'Not Applicable']",,,,,
547,TEMPHOMEAC,Temperature when someone is home during the day (summer),"['40 - 96', '-2']","['Temperature when someone is home during the day (summer)', 'Not Applicable']",,,,,
548,TEMPGONEAC,Temperature when no on is home during the day (summer),"['40 - 96', '-2']","['Temperature when no one is home during the day (summer)', 'Not Applicable']",,,,,
549,TEMPNITEAC,Temperature at night (summer),"['40 - 96', '-2']","['Temperature at night (summer)', 'Not Applicable']",,,,,
550,NUMBERAC,Number of window/wall air conditioning units used,"['1 - 15', '-2']","['Number of window/wall air conditioning units used', 'Not Applicable']",COL_B,,,,
551,WWACAGE,Age of most-used window/wall air conditioning unit,"['1', '2', '3', '41', '42', '5', '-2']","['Less than 2 years old', '2 to 4 years old', '5 to 9 years old', '10 to 14 years old', '15 to 19 years old', '20 years or older', 'Not Applicable']",,,,,
552,ESWWAC,Energy Star most-used window/wall air conditioning unit,"['0', '1', '-2', '-8', '-9']","['No', 'Yes', 'Not Applicable', 'Refuse', ""Don't Know""]",,,,,
553,REPLCWWAC,Most-used window/wall air conditioning unit replaced by this household in the last 4 years,"['0', '1', '-2', '-8', '-9']","['No', 'Yes', 'Not Applicable', 'Refuse', ""Don't Know""]",,,,,
554,HELPWWAC,Assistance for most-used window/wall air conditioning unit,"['0', '1', '2', '3', '4', '5', '-2', '-8', '-9']","['Did not receive any assistance', 'Manfacturer or retailer rebate', 'Utility or energy supplier rebate', 'Tax credit', 'Subsidized loan', 'Weatherization assistance', 'Not Applicable', 'Refuse', ""Don't Know""]",,,,,
555,HELPWWACY,Year of assistance for most-used window/wall air conditioning unit,"['1', '2', '3', '4', '5', '6', '-2', '-8', '-9']","['2006', '2007', '2008', '2009', 'Prior to 2006', '2010', 'Not Applicable', 'Refuse', ""Don't Know""]",,,,,
556,USEWWAC,Frequency most-used window/wall air conditioning unit used in summer 2009,"['1', '2', '3', '-2']","['Turned on only a few days or nights when really needed', 'Turned on quite a bit', 'Turned on just about all summer', 'Not Applicable']",COL_A,,,,
557,NUMCFAN,Number of ceiling fans used,['0 - 15'],['Number of ceiling fans used'],OTH_B,,,,
558,USECFAN,Frequency most-used ceiling fan used in summer 2009,"['1', '2', '3', '4', '-2']","['Turned on only a few days or nights when really needed', 'Turned on quite a bit', 'Turned on just about all summer', 'Not used at all', 'Not Applicable']",,,,,
559,TREESHAD,Housing unit shaded from sun by large trees,"['0', '1']","['No', 'Yes']",,,,,
560,NOTMOIST,Dehumidifier used,"['0', '1']","['No', 'Yes']",OTH_B,,,,
561,USENOTMOIST,Number of months dehumidifier used in 2009,"['1', '2', '3', '4', '5', '-2']","['1 to 3 months', '4 to 6 months', '7 to 9 months', '10 to 11 months', 'Turned on all year', 'Not Applicable']",OTH_B,,,,
588,HIGHCEIL,High ceilings ,"['0', '1', '-2']","['No', 'Yes', 'Not Applicable']",,,,,
589,CATHCEIL,Cathedral ceilings,"['0', '1', '-2']","['No', 'Yes', 'Not Applicable']",,,,SPH_A,
590,SWIMPOOL,Swimming pool,"['0', '1', '-2']","['No', 'Yes', 'Not Applicable']",OTH_B,,,,
591,POOL,Heated swimming pool,"['0', '1', '-2']","['No', 'Yes', 'Not Applicable']",,,,,
592,FUELPOOL,Fuel used for heating swimming pool,"['1', '2', '3', '4', '5', '8', '21', '-2']","['Natural Gas', 'Propane/LPG', 'Fuel Oil', 'Kerosene', 'Electricity', 'Solar', 'Other Fuel', 'Not Applicable']",OTH_B,OTH_B,OTH_B,OTH_B,
593,RECBATH,Hot tub used,"['0', '1']","['No', 'Yes']",,,,,
594,FUELTUB,Fuel used for heating hot tub,"['1', '2', '3', '4', '5', '8', '21', '-2']","['Natural Gas', 'Propane/LPG', 'Fuel Oil', 'Kerosene', 'Electricity', 'Solar', 'Other Fuel', 'Not Applicable']",OTH_B,OTH_B,OTH_B,OTH_B,
595,LGT12,Number of lights turned on 12 or more hours during a typical summer day,['0 - 40'],['Number of lights turned on 12 or more hours during a typical summer day'],OTH_B,,,,
596,LGT12EE,Number of energy-efficient bulbs for lights turned on 12 or more hours during a typical summer day,"['0 - 40', '-2', '-8', '-9']","['Number of EE lights on more than 12 hours', 'Not Applicable', 'Refuse', ""Don't Know""]",OTH_A,,,,
597,LGT4,Number of lights turned on 4 to 12 hours during a typical summer day,['0 - 40'],['Number of lights turned on 4 to 12 hours during a typical summer day'],OTH_B,,,,
598,LGT4EE,Number of energy-efficient bulbs for lights turned on 4 to 12 hours during a typical summer day,"['0 - 40', '-2', '-8', '-9']","['Number of EE lights on 4 to 12 hours', 'Not Applicable', 'Refuse', ""Don't Know""]",OTH_A,,,,
599,LGT1,Number of lights turned on 1 to 4 hours during a typical summer day,['0 - 40'],['Number of lights turned on 1 to 4 hours during a typical summer day'],OTH_B,,,,
600,LGT1EE,Number of energy-efficient bulbs for lights turned on 1 to 4 hours during a typical summer day,"['0 - 40', '-2', '-8', '-9']","['Number of EE lights on 1 to 4 hours', 'Not Applicable', 'Refuse', ""Don't Know""]",OTH_A,,,,
601,NOUTLGTNT,Number of outdoor lights left on all night,"['0 - 15', '-2']","['Number of outdoor lights left on all night', 'Not Applicable']",OTH_B,,,,
602,LGTOEE,Number of energy-efficient bulbs for outdoor lights left on all night,"['0 - 40', '-2', '-8', '-9']","['Number of EE outdoor lights on all night', 'Not Applicable', 'Refuse', ""Don't Know""]",,,,,
603,NGASLIGHT,Number of outdoor lights left on all night that use natural gas,"['0 - 10', '-2']","['Number of outdoor lights left on all night that use natural gas', 'Not Applicable']",OTH_B,OTH_B,,,
604,INSTLCFL,Energy-efficient bulbs installed by this household,"['0', '1', '-2']","['No', 'Yes', 'Not Applicable']",,,,,
605,HELPCFL,Assistance for energy-efficient light bulbs,"['0', '1', '2', '5', '-2', '-8', '-9']","['Did not receive any assistance', 'Manfacturer or retailer rebate', 'Utility or energy supplier rebate', 'Weatherization assistance', 'Not Applicable', 'Refuse', ""Don't Know""]",,,,,
606,HELPCFLY,Year of assistance for energy-efficient light bulbs,"['1', '2', '3', '4', '5', '6', '-2', '-8', '-9']","['2006', '2007', '2008', '2009', 'Prior to 2006', '2010', 'Not Applicable', 'Refuse', ""Don't Know""]",,,,,
607,SLDDRS,Sliding glass doors in heated areas,"['0', '1']","['No', 'Yes']",,,,,
608,DOOR1SUM,Number of sliding glass doors in heated areas,['0 - 10'],['Number of sliding glass doors'],,,,,
609,WINDOWS,Number of windows in heated areas,"['0', '10', '20', '30', '41', '42', '50', '60']","['None', '1 or 2', '3 to 5', '6 to 9', '10 to 15', '16 to 19', '20 to 29', '30 or more']",,,,,
610,TYPEGLASS,Type of glass in most windows,"['1', '2', '3', '-2']","['Single-pane glass', 'Double-pane glass', 'Triple-pane glass', 'Not Applicable']",,,,,
611,NEWGLASS,Windows replaced by this household,"['1', '2', '3', '-2']","['All of the windows', 'Some of the windows', 'None of the windows', 'Not Applicable']",,,,,
612,HELPWIN,Assistance for window replacement,"['0', '1', '2', '3', '4', '5', '-2', '-8', '-9']","['Did not receive any assistance', 'Manfacturer or retailer rebate', 'Utility or energy supplier rebate', 'Tax credit', 'Subsidized loan', 'Weatherization assistance', 'Not Applicable', 'Refuse', ""Don't Know""]",,,,,
613,HELPWINY,Year of assistance for window replacement,"['1', '2', '3', '4', '5', '6', '-2', '-8', '-9']","['2006', '2007', '2008', '2009', 'Prior to 2006', '2010', 'Not Applicable', 'Refuse', ""Don't Know""]",,,,,
614,ADQINSUL,Level of insulation (respondent reported),"['1', '2', '3', '4']","['Well Insulated', 'Adequately Insulated', 'Poorly Insulated', 'No Insulation']",,,,,
615,INSTLINS,Insulation added by this household,"['0', '1']","['No', 'Yes']",,,,,
616,AGEINS,Year of added insulation,"['1', '2', '3', '41', '42', '5', '-2']","['In the last 2 years', '2 to 4 years ago', '5 to 9 years ago', '10 to 14 years ago', '15 to 19 years ago', '20 years or more', 'Not Applicable']",,,,,
617,HELPINS,Assistance for added insulation,"['0', '1', '2', '3', '4', '5', '-2', '-8', '-9']","['Did not receive any assistance', 'Manfacturer or retailer rebate', 'Utility or energy supplier rebate', 'Tax credit', 'Subsidized loan', 'Weatherization assistance', 'Not Applicable', 'Refuse', ""Don't Know""]",,,,,
618,HELPINSY,Year of assistance for added insulation,"['1', '2', '3', '4', '5', '6', '-2', '-8', '-9']","['2006', '2007', '2008', '2009', 'Prior to 2006', '2010', 'Not Applicable', 'Refuse', ""Don't Know""]",,,,,
619,DRAFTY,Is home too drafty in the winter? (respondent reported),"['1', '2', '3', '4']","['All the time', 'Most of the time', 'Some of the time', 'Never']",,,,,
620,INSTLWS,Caulking or weather stripping by this household,"['0', '1']","['No', 'Yes']",,,,,
621,AGEWS,Year of caulking or weather stripping,"['1', '2', '3', '41', '42', '5', '-2']","['In the last 2 years', '2 to 4 years ago', '5 to 9 years ago', '10 to 14 years ago', '15 to 19 years ago', '20 years or more', 'Not Applicable']",,,,,
622,HELPWS,Assistance for caulking or weather stripping,"['0', '1', '2', '3', '4', '5', '-2', '-8', '-9']","['Did not receive any assistance', 'Manfacturer or retailer rebate', 'Utility or energy supplier rebate', 'Tax credit', 'Subsidized loan', 'Weatherization assistance', 'Not Applicable', 'Refuse', ""Don't Know""]",,,,,
623,HELPWSY,Year of assistance for caulking or weather stripping,"['1', '2', '3', '4', '5', '6', '-2', '-8', '-9']","['2006', '2007', '2008', '2009', 'Prior to 2006', '2010', 'Not Applicable', 'Refuse', ""Don't Know""]",,,,,
624,AUDIT,Home energy audit,"['0', '1']","['No', 'Yes']",,,,,
625,AGEAUD,Year of home energy audit,"['1', '2', '3', '41', '42', '5', '-2']","['In the last 2 years', '2 to 4 years ago', '5 to 9 years ago', '10 to 14 years ago', '15 to 19 years ago', '20 years or more', 'Not Applicable']",,,,,
626,HELPAUD,Assistance for home energy audit,"['0', '2', '3', '4', '5', '-2', '-8', '-9']","['Did not receive any assistance', 'Utility or energy supplier rebate', 'Tax credit', 'Subsidized loan', 'Weatherization assistance', 'Not Applicable', 'Refuse', ""Don't Know""]",,,,,
627,HELPAUDY,Year of assistance for home energy audit,"['1', '2', '3', '4', '5', '6', '-2', '-8', '-9']","['2006', '2007', '2008', '2009', 'Prior to 2006', '2010', 'Not Applicable', 'Refuse', ""Don't Know""]",,,,,
653,USEEL,Electricity is used in home,"['0', '1']","['No', 'Yes']",,,,,
654,USENG,Natural gas is used in home,"['0', '1']","['No', 'Yes']",,,,,
655,USELP,Propane is used in home,"['0', '1']","['No', 'Yes']",,,,,
656,USEFO,Fuel oil is used in home,"['0', '1']","['No', 'Yes']",,,,,
657,USEKERO,Kerosene is used in home,"['0', '1']","['No', 'Yes']",,,,,
658,USEWOOD,Wood is used in home,"['0', '1']","['No', 'Yes']",,,,,
659,USESOLAR,Solar is used in home,"['0', '1']","['No', 'Yes']",,,,,
660,USEOTH,Other fuel is used in home,"['0', '1']","['No', 'Yes']",,,,,
661,ELWARM,Electricity used for space heating,"['0', '1']","['No', 'Yes']",,,,,
662,ELECAUX,Electricity used for secondary space heating,"['0', '1']","['No', 'Yes']",SPH_B,,,,
663,ELCOOL,Electricity used for air conditioning,"['0', '1']","['No', 'Yes']",,,,,
664,ELWATER,Electricity used for water heating,"['0', '1']","['No', 'Yes']",,,,,
665,ELFOOD,Electricity used for cooking,"['0', '1']","['No', 'Yes']",,,,,
666,ELOTHER,"Electricity used, other than for space heating, water heating, air conditioning, or cooking","['0', '1']","['No', 'Yes']",,,,,
667,UGWARM,Natural gas used for space heating,"['0', '1']","['No', 'Yes']",,,,,
668,UGASAUX,Natural gas used for secondary space heating,"['0', '1']","['No', 'Yes']",,"SPH_B, OTH_B",,,
669,UGWATER,Natural gas used for water heating,"['0', '1']","['No', 'Yes']",,,,,
670,UGCOOK,Natural gas used for cooking,"['0', '1']","['No', 'Yes']",,,,,
671,UGOTH,"Natural gas used, other than for space heating, water heating, or cooking","['0', '1']","['No', 'Yes']",,OTH_B,,,
672,LPWARM,Propane used for space heating,"['0', '1']","['No', 'Yes']",,,,,
673,LPGAUX,Propane used for secondary space heating,"['0', '1']","['No', 'Yes']",,,"SPH_B, OTH_B",,
674,LPWATER,Propane used for water heating,"['0', '1']","['No', 'Yes']",,,WTH_B,,
675,LPCOOK,Propane used for cooking,"['0', '1']","['No', 'Yes']",,,OTH_B,,
676,LPOTHER,"Propane used, other than for space heating, water heating, or cooking","['0', '1']","['No', 'Yes']",,,,,
677,FOWARM,Fuel oil used for space heating,"['0', '1']","['No', 'Yes']",,,,,
678,FOILAUX,Fuel oil used for secondary space heating,"['0', '1']","['No', 'Yes']",,,,"SPH_B, OTH_B",
679,FOWATER,Fuel oil used for water heating,"['0', '1']","['No', 'Yes']",,,,,
680,FOOTHER,"Fuel oil used, other than for space heating or water heating","['0', '1']","['No', 'Yes']",,,,,
681,KRWARM,Kerosene used for space heating,"['0', '1']","['No', 'Yes']",,,,,
682,KEROAUX,Kerosene used for secondary space heating,"['0', '1']","['No', 'Yes']",,,,,"SPH_B, OTH_B"
683,KRWATER,Kerosene used for water heating,"['0', '1']","['No', 'Yes']",,,,,
684,KROTHER,"Kerosene used, other than for space heating or water heating","['0', '1']","['No', 'Yes']",,,,,
685,WDWARM,Wood used for space heating,"['0', '1']","['No', 'Yes']",,,,,
686,WOODAUX,Wood used for secondary space heating,"['0', '1']","['No', 'Yes']",,,,,
687,WDWATER,Wood used for water heating,"['0', '1']","['No', 'Yes']",,,,,
688,WDOTHUSE,"Wood used, other than for space heating or water heating","['0', '1']","['No', 'Yes']",,,,,
689,SOLWARM,Solar used for space heating,"['0', '1']","['No', 'Yes']",,,,,
690,SOLARAUX,Solar used for secondary space heating,"['0', '1']","['No', 'Yes']",,,,,
691,SOLWATER,Solar used for water heating,"['0', '1']","['No', 'Yes']",,,,,
692,SOLOTHER,"Solar used, other than for space heating or water heating","['0', '1']","['No', 'Yes']",,,,,
693,OTHWARM,Other fuel used for space heating,"['0', '1']","['No', 'Yes']",,,,,
694,OTHERAUX,Other fuel used for secondary space heating,"['0', '1']","['No', 'Yes']",,,,,
695,OTHWATER,Other fuel used for water heating,"['0', '1']","['No', 'Yes']",,,,,
696,OTHCOOK,Other fuel used for cooking,"['0', '1']","['No', 'Yes']",,,,,
697,ONSITE,Renewable on-site system used,"['0', '1']","['No', 'Yes']",,,,,
698,ONSITEGRID,Renewable on-site system connected to the grid,"['0', '1', '-2']","['No', 'Yes', 'Not Applicable']",,,,,
699,PELHEAT,Who pays for electricity used for space heating,"['1', '2', '3', '-2']","['Paid by the household', 'Included in the rent or condominium fee', 'Paid for some other way', 'Not Applicable']",,,,,
700,PELHOTWA,Who pays for electricity used for water heating,"['1', '2', '3', '-2']","['Paid by the household', 'Included in the rent or condominium fee', 'Paid for some other way', 'Not Applicable']",,,,,
701,PELCOOK,Who pays for electricity used for cooking,"['1', '2', '3', '-2']","['Paid by the household', 'Included in the rent or condominium fee', 'Paid for some other way', 'Not Applicable']",,,,,
702,PELAC,Who pays for electricity used for air conditioning,"['1', '2', '3', '-2']","['Paid by the household', 'Included in the rent or condominium fee', 'Paid for some other way', 'Not Applicable']",,,,,
703,PELLIGHT,Who pays for electricity used for lighting and other appliances,"['1', '2', '3', '-2']","['Paid by the household', 'Included in the rent or condominium fee', 'Paid for some other way', 'Not Applicable']",,,,,
704,OTHERWAYEL,Follow up for 'other' payment of electricity,"['1', '2', '3', '-2']","['Relative', 'Rental or condominium agent', 'Paid by some other party', 'Not Applicable']",,,,,
705,PGASHEAT,Who pays for natural gas for space heating,"['1', '2', '3', '-2']","['Paid by the household', 'Included in the rent or condominium fee', 'Paid for some other way', 'Not Applicable']",,,,,
706,PGASHTWA,Who pays for natural gas for water heating,"['1', '2', '3', '-2']","['Paid by the household', 'Included in the rent or condominium fee', 'Paid for some other way', 'Not Applicable']",,,,,
707,PUGCOOK,Who pays for natural gas for cooking,"['1', '2', '3', '-2']","['Paid by the household', 'Included in the rent or condominium fee', 'Paid for some other way', 'Not Applicable']",,,,,
708,PUGOTH,Who pays for natural gas for other uses,"['1', '2', '3', '-2']","['Paid by the household', 'Included in the rent or condominium fee', 'Paid for some other way', 'Not Applicable']",,,,,
709,OTHERWAYNG,Follow up for 'other' payment of natural gas,"['1', '2', '3', '-2']","['Relative', 'Rental or condominium agent', 'Paid by some other party', 'Not Applicable']",,,,,
710,FOPAY,Who pays for fuel oil,"['1', '2', '3', '-2']","['Paid by the household', 'Included in the rent or condominium fee', 'Paid for some other way', 'Not Applicable']",,,,,
711,OTHERWAYFO,Follow up for 'other' payment of fuel oil,"['1', '2', '3', '-2']","['Relative', 'Rental or condominium agent', 'Paid by some other party', 'Not Applicable']",,,,,
712,LPGPAY,Who pays for propane,"['1', '2', '3', '-2']","['Paid by the household', 'Included in the rent or condominium fee', 'Paid for some other way', 'Not Applicable']",,,,,
713,OTHERWAYLPG,Follow up for 'other' payment of propane,"['1', '2', '3', '-2']","['Relative', 'Rental or condominium agent', 'Paid by some other party', 'Not Applicable']",,,,,
714,LPGDELV,Propane delivered,"['0', '1', '-2']","['No', 'Yes', 'Not Applicable']",,,,,
715,KERODEL,Kerosene delivered to home,"['0', '1', '-2']","['No', 'Yes', 'Not Applicable']",,,,,
716,KEROCASH,Kerosene purchased 'cash and carry',"['0', '1', '-2']","['No', 'Yes', 'Not Applicable']",,,,,
717,NOCRCASH,Number of kerosene 'cash and carry' purchases,"['1 - 55', '-2']","[""Number of kerosene 'cash and carry' purchases"", 'Not Applicable']",,,,,
718,NKRGALNC,Gallons per kerosene 'cash and carry' purchase,"['1 - 76', '77', '-2']","[""Gallons per kerosene 'cash and carry' purchase"", 'Not Sure', 'Not Applicable']",,,,,
719,WOODLOGS,Wood logs used,"['0', '1', '-2']","['No', 'Yes', 'Not Applicable']",,,,,
720,WDSCRAP,Wood scraps used,"['0', '1', '-2']","['No', 'Yes', 'Not Applicable']",,,,,
721,WDPELLET,Wood pellets used,"['0', '1', '-2']","['No', 'Yes', 'Not Applicable']",,,,,
722,WDOTHER,"Type of wood used other than logs, pellets, or scraps","['0', '1', '-2']","['No', 'Yes', 'Not Applicable']",,,,,
723,WOODAMT,Cords of wood used in 2009,"['1', '2', '3', '4', '5', '-2']","['Half a cord or less', 'About one cord', 'About two cords', 'Three to five cords', 'More than five cords', 'Not Applicable']",,,,,
724,NUMCORDS,Cords of wood used in 2009 (if more than 5),"['5.00 - 100.00', '-2']","['Cords of wood used in 2009 (if more than 5)', 'Not Applicable']",,,,,
752,KFUELOT,Household fuel bills include fuel used for non-household purposes,"['0', '1']","['No', 'Yes']",,,,,
753,HHSEX,Sex of householder,"['1', '2']","['Female', 'Male']",,,,,
754,EMPLOYHH,Employment status of householder,"['0', '1', '2']","['Not employed/retired', 'Employed full-time', 'Employed part-time']",,,,,
755,SPOUSE,Householder lives with spouse or partner,"['0', '1']","['No', 'Yes']",,,,,
756,SDESCENT,Householder is Hispanic or Latino,"['0', '1']","['No', 'Yes']",,,,,
757,Householder_Race,Householder's Race,"['1', '2', '3', '4', '5', '6', '7']","['White Alone', 'Black or African/American Alone', 'American Indian or Alaska Native Alone', 'Asian Alone', 'Native Hawaiian or Other Pacific Islander Alone', 'Some Other Race Alone', '2 or More Races Selected']",,,,,
758,EDUCATION,Highest education completed by householder,"['0', '1', '2', '3', '4', '5', '6', '7', '8']","['No schooling completed', 'Kindergarten to grade 12', 'High school diploma or GED', 'Some college, no degree', ""Associate's degree"", ""Bachelor's degree"", ""Master's degree"", 'Professional degree', 'Doctorate degree']",,,,,
759,NHSLDMEM,Number of household members,['0 - 15'],['Number of household members'],"WTH_B, OTH_B","WTH_B, OTH_B","WTH_B, OTH_B","WTH_B, OTH_B","WTH_B, OTH_B"
760,HHAGE,Age of householder,['16 - 95'],['Age of householder'],,,,,
761,AGEHHMEMCAT2,Age category of second household member,"['1', '2', '3', '4', '5', '6', '7', '8', '9', '10', '11', '12', '13', '14', '15', '16', '17', '18', '-2']","['< 5 years old', '5-9 years old', '10-14 years old', '15-19 years old', '20-24 years old', '25-29 years old', '30-34 years old', '35-39 years old', '40-44 years old', '45-49 years old', '50-54 years old', '55-59 years old', '60-64 years old', '65-69 years old', '70-74 years old', '75-79 years old', '80-84 years old', '85 or more years old', 'Not Applicable']",,,,,
762,AGEHHMEMCAT3,Age category of third household member,"['1', '2', '3', '4', '5', '6', '7', '8', '9', '10', '11', '12', '13', '14', '15', '16', '17', '18', '-2']","['< 5 years old', '5-9 years old', '10-14 years old', '15-19 years old', '20-24 years old', '25-29 years old', '30-34 years old', '35-39 years old', '40-44 years old', '45-49 years old', '50-54 years old', '55-59 years old', '60-64 years old', '65-69 years old', '70-74 years old', '75-79 years old', '80-84 years old', '85 or more years old', 'Not Applicable']",,,,,
763,AGEHHMEMCAT4,Age category of fourth household member,"['1', '2', '3', '4', '5', '6', '7', '8', '9', '10', '11', '12', '13', '14', '15', '16', '17', '18', '-2']","['< 5 years old', '5-9 years old', '10-14 years old', '15-19 years old', '20-24 years old', '25-29 years old', '30-34 years old', '35-39 years old', '40-44 years old', '45-49 years old', '50-54 years old', '55-59 years old', '60-64 years old', '65-69 years old', '70-74 years old', '75-79 years old', '80-84 years old', '85 or more years old', 'Not Applicable']",,,,,
764,AGEHHMEMCAT5,Age category of fifth household member,"['1', '2', '3', '4', '5', '6', '7', '8', '9', '10', '11', '12', '13', '14', '15', '16', '17', '18', '-2']","['< 5 years old', '5-9 years old', '10-14 years old', '15-19 years old', '20-24 years old', '25-29 years old', '30-34 years old', '35-39 years old', '40-44 years old', '45-49 years old', '50-54 years old', '55-59 years old', '60-64 years old', '65-69 years old', '70-74 years old', '75-79 years old', '80-84 years old', '85 or more years old', 'Not Applicable']",,,,,
765,AGEHHMEMCAT6,Age category of sixth household member,"['1', '2', '3', '4', '5', '6', '7', '8', '9', '10', '11', '12', '13', '14', '15', '16', '17', '18', '-2']","['< 5 years old', '5-9 years old', '10-14 years old', '15-19 years old', '20-24 years old', '25-29 years old', '30-34 years old', '35-39 years old', '40-44 years old', '45-49 years old', '50-54 years old', '55-59 years old', '60-64 years old', '65-69 years old', '70-74 years old', '75-79 years old', '80-84 years old', '85 or more years old', 'Not Applicable']",,,,,
766,AGEHHMEMCAT7,Age category of seventh household member,"['1', '2', '3', '4', '5', '6', '7', '8', '9', '10', '11', '12', '13', '14', '15', '16', '17', '18', '-2']","['< 5 years old', '5-9 years old', '10-14 years old', '15-19 years old', '20-24 years old', '25-29 years old', '30-34 years old', '35-39 years old', '40-44 years old', '45-49 years old', '50-54 years old', '55-59 years old', '60-64 years old', '65-69 years old', '70-74 years old', '75-79 years old', '80-84 years old', '85 or more years old', 'Not Applicable']",,,,,
767,AGEHHMEMCAT8,Age category of eighth household member,"['1', '2', '3', '4', '5', '6', '7', '8', '9', '10', '11', '12', '13', '14', '15', '16', '17', '18', '-2']","['< 5 years old', '5-9 years old', '10-14 years old', '15-19 years old', '20-24 years old', '25-29 years old', '30-34 years old', '35-39 years old', '40-44 years old', '45-49 years old', '50-54 years old', '55-59 years old', '60-64 years old', '65-69 years old', '70-74 years old', '75-79 years old', '80-84 years old', '85 or more years old', 'Not Applicable']",,,,,
768,AGEHHMEMCAT9,Age category of ninth household member,"['1', '2', '3', '4', '5', '6', '7', '8', '9', '10', '11', '12', '13', '14', '15', '16', '17', '18', '-2']","['< 5 years old', '5-9 years old', '10-14 years old', '15-19 years old', '20-24 years old', '25-29 years old', '30-34 years old', '35-39 years old', '40-44 years old', '45-49 years old', '50-54 years old', '55-59 years old', '60-64 years old', '65-69 years old', '70-74 years old', '75-79 years old', '80-84 years old', '85 or more years old', 'Not Applicable']",,,,,
769,AGEHHMEMCAT10,Age category of tenth household member,"['1', '2', '3', '4', '5', '6', '7', '8', '9', '10', '11', '12', '13', '14', '15', '16', '17', '18', '-2']","['< 5 years old', '5-9 years old', '10-14 years old', '15-19 years old', '20-24 years old', '25-29 years old', '30-34 years old', '35-39 years old', '40-44 years old', '45-49 years old', '50-54 years old', '55-59 years old', '60-64 years old', '65-69 years old', '70-74 years old', '75-79 years old', '80-84 years old', '85 or more years old', 'Not Applicable']",,,,,
770,AGEHHMEMCAT11,Age category of eleventh household member,"['1', '2', '3', '4', '5', '6', '7', '8', '9', '10', '11', '12', '13', '14', '15', '16', '17', '18', '-2']","['< 5 years old', '5-9 years old', '10-14 years old', '15-19 years old', '20-24 years old', '25-29 years old', '30-34 years old', '35-39 years old', '40-44 years old', '45-49 years old', '50-54 years old', '55-59 years old', '60-64 years old', '65-69 years old', '70-74 years old', '75-79 years old', '80-84 years old', '85 or more years old', 'Not Applicable']",,,,,
771,AGEHHMEMCAT12,Age category of twelfth household member,"['1', '2', '3', '4', '5', '6', '7', '8', '9', '10', '11', '12', '13', '14', '15', '16', '17', '18', '-2']","['< 5 years old', '5-9 years old', '10-14 years old', '15-19 years old', '20-24 years old', '25-29 years old', '30-34 years old', '35-39 years old', '40-44 years old', '45-49 years old', '50-54 years old', '55-59 years old', '60-64 years old', '65-69 years old', '70-74 years old', '75-79 years old', '80-84 years old', '85 or more years old', 'Not Applicable']",,,,,
772,AGEHHMEMCAT13,Age category of thirteenth household member,"['1', '2', '3', '4', '5', '6', '7', '8', '9', '10', '11', '12', '13', '14', '15', '16', '17', '18', '-2']","['< 5 years old', '5-9 years old', '10-14 years old', '15-19 years old', '20-24 years old', '25-29 years old', '30-34 years old', '35-39 years old', '40-44 years old', '45-49 years old', '50-54 years old', '55-59 years old', '60-64 years old', '65-69 years old', '70-74 years old', '75-79 years old', '80-84 years old', '85 or more years old', 'Not Applicable']",,,,,
773,AGEHHMEMCAT14,Age category of fourteenth household member,"['1', '2', '3', '4', '5', '6', '7', '8', '9', '10', '11', '12', '13', '14', '15', '16', '17', '18', '-2']","['< 5 years old', '5-9 years old', '10-14 years old', '15-19 years old', '20-24 years old', '25-29 years old', '30-34 years old', '35-39 years old', '40-44 years old', '45-49 years old', '50-54 years old', '55-59 years old', '60-64 years old', '65-69 years old', '70-74 years old', '75-79 years old', '80-84 years old', '85 or more years old', 'Not Applicable']",,,,,
774,HBUSNESS,Home-based business or service,"['0', '1']","['No', 'Yes']",,,,,
775,ATHOME,Household member at home on typical week days,"['0', '1']","['No', 'Yes']",,,,,
776,TELLWORK,Household member(s) telecommutes or teleworks,"['0', '1']","['No', 'Yes']",,,,,
777,TELLDAYS,Number of telecommuting days per month,"['1 - 31', '-2']","['Number of Telecommuting Days', 'Not Applicable']",,,,,
778,OTHWORK,Any activities that use an unusual amount of energy,"['0', '1']","['No', 'Yes']",,,,,
779,WORKPAY,Household members received employment income in 2009,"['0', '1']","['No', 'Yes']",,,,,
780,RETIREPY,Household members received retirement income in 2009,"['0', '1']","['No', 'Yes']",,,,,
781,SSINCOME,Household members received Supplemental Security income in 2009,"['0', '1']","['No', 'Yes']",,,,,
782,CASHBEN,Household members received welfare payments or cash assistance in 2009,"['0', '1']","['No', 'Yes']",,,,,
783,INVESTMT,Household members received investment income in 2009,"['0', '1']","['No', 'Yes']",,,,,
784,RGLRPAY,Household members received other regular income in 2009,"['0', '1']","['No', 'Yes']",,,,,
785,MONEYPY,2009 gross household income,"['1', '2', '3', '4', '5', '6', '7', '8', '9', '10', '11', '12', '13', '14', '15', '16', '17', '18', '19', '20', '21', '22', '23', '24']","['Less than $2,500', '$2,500 to $4,999', '$5,000 to $7,499', '$7,500 to $9,999', '$10,000 to $14,999', '$15,000 to $19,999', '$20,000 to $24,999', '$25,000 to $29,999', '$30,000 to $34,999', '$35,000 to $39,999', '$40,000 to $44,999', '$45,000 to $49,999', '$50,000 to $54,999', '$55,000 to $59,999', '$60,000 to $64,999', '$65,000 to $69,999', '$70,000 to $74,999', '$75,000 to $79,999', '$80,000 to $84,999', '$85,000 to $89,999', '$90,000 to $94,999', '$95,000 to $99,999', '$100,000 to $119,999', '$120,000 or More']",,OTH_A,,,
786,POVERTY100,Household income at or below 100% of poverty line,"['0', '1']","['No', 'Yes']",,,,,
787,POVERTY150,Household income at or below 150% of poverty line,"['0', '1']","['No', 'Yes']",,,,,
788,HUPROJ,Housing unit in public housing authority,"['0', '1', '-2']","['No', 'Yes', 'Not Applicable']",,,,,
789,RENTHELP,"Lower rent due to Federal, State, or Local housing program","['0', '1', '-2']","['No', 'Yes', 'Not Applicable']",,,,,
790,FOODASST,Household receives food stamps or WIC assistance,"['0', '1']","['No', 'Yes']",,,,,
827,TOTSQFT,"Total square footage (includes all attached garages, all basements, and finished/heated/cooled attics)",,['Square Feet'],,,,,
828,TOTSQFT_EN,"Total square footage (includes heated/cooled garages, all basements, and finished/heated/cooled attics). Used for EIA data tables.",,['Square Feet'],OTH_B,,,,
829,TOTHSQFT,Total heated square footage,,['Square Feet'],SPH_B,SPH_B,"SPH_B, OTH_B","SPH_B, OTH_B","SPH_B, WTH_B, OTH_B"
830,TOTUSQFT,Total unheated square footage,,['Square Feet'],,,,,
831,TOTCSQFT,Total cooled square footage,,['Square Feet'],,,,,
832,TOTUCSQFT,Total uncooled square footage,,['Square Feet'],COL_B,,,,
